<?xml version="1.0" encoding="utf-8"?>
<!--/16163148/1717174/2.50/8/3/Relay or Contactor/-->
<quadcept_library>
  <setting unit="mil" />
  <textstyle name="Default" height="47.244094488189" strokewidth="7.8740157480315" charwidth="47.244094488189" />
  <textstyle name="Dimension" height="19.6850393700787" strokewidth="0" charwidth="19.6850393700787" />
  <textstyle name="H127W0635TH00762" height="50" strokewidth="3" charwidth="25" />
  <textstyle name="H15W15TH02" height="59.0551181102362" strokewidth="7.8740157480315" charwidth="59.0551181102362" />
  <padstyle name="c195_h130" surface="False" plated="True" isvia="False" nopaste="True" nomask="True" complex="False" holesize="51.181102362204">
    <padshape layer="TOP" shape="round" width="76.771653543306" height="76.771653543306" />
    <padshape layer="TOP_SOLDER_MASK" shape="round" width="84.645669291338" height="84.645669291338" />
    <padshape layer="INNER" shape="round" width="76.771653543306" height="76.771653543306" />
    <padshape layer="BOTTOM" shape="round" width="76.771653543306" height="76.771653543306" />
    <padshape layer="BOTTOM_SOLDER_MASK" shape="round" width="84.645669291338" height="84.645669291338" />
  </padstyle>
  <padstyle name="s195_h130" surface="False" plated="True" isvia="False" nopaste="True" nomask="True" complex="False" holesize="51.181102362204">
    <padshape layer="TOP" shape="square" width="76.771653543306" height="76.771653543306" />
    <padshape layer="TOP_SOLDER_MASK" shape="square" width="84.645669291338" height="84.645669291338" />
    <padshape layer="INNER" shape="square" width="76.771653543306" height="76.771653543306" />
    <padshape layer="BOTTOM" shape="square" width="76.771653543306" height="76.771653543306" />
    <padshape layer="BOTTOM_SOLDER_MASK" shape="square" width="84.645669291338" height="84.645669291338" />
  </padstyle>
  <footprint name="415290050010" originx="0" originy="0" pickpointx="0" pickpointy="0">
    <pcbpin number="1" name="11" style="c195_h130" originx="787.40157480314" originy="0" rotation="90" />
    <pcbpin number="2" name="12" style="c195_h130" originx="590.55118110236" originy="0" rotation="90" />
    <pcbpin number="3" name="14" style="c195_h130" originx="984.25196850392" originy="0" rotation="90" />
    <pcbpin number="4" name="21" style="c195_h130" originx="787.40157480314" originy="295.27559055118" rotation="90" />
    <pcbpin number="5" name="22" style="c195_h130" originx="590.55118110236" originy="295.27559055118" rotation="90" />
    <pcbpin number="6" name="24" style="c195_h130" originx="984.25196850392" originy="295.27559055118" rotation="90" />
    <pcbpin number="7" name="A1" style="s195_h130" originx="0" originy="0" rotation="90" />
    <pcbpin number="8" name="A2" style="c195_h130" originx="0" originy="295.27559055118" rotation="90" />
    <line layer="TOP_ASSEMBLY" originx="-99.999999999999" originy="-98.425196850392" endx="1041.7322834646" endy="-98.425196850392" width="3.9370078740157" />
    <line layer="TOP_ASSEMBLY" originx="1041.7322834646" originy="-98.425196850392" endx="1041.7322834646" endy="393.70078740157" width="3.9370078740157" />
    <line layer="TOP_ASSEMBLY" originx="1041.7322834646" originy="393.70078740157" endx="-99.999999999999" endy="393.70078740157" width="3.9370078740157" />
    <line layer="TOP_ASSEMBLY" originx="-99.999999999999" originy="393.70078740157" endx="-99.999999999999" endy="-98.425196850392" width="3.9370078740157" />
    <line layer="TOP_PLACE_BOUND" originx="-139.37007874016" originy="-137.79527559055" endx="1081.1023622047" endy="-137.79527559055" width="3.9370078740157" />
    <line layer="TOP_PLACE_BOUND" originx="1081.1023622047" originy="-137.79527559055" endx="1081.1023622047" endy="433.07086614173" width="3.9370078740157" />
    <line layer="TOP_PLACE_BOUND" originx="1081.1023622047" originy="433.07086614173" endx="-139.37007874016" endy="433.07086614173" width="3.9370078740157" />
    <line layer="TOP_PLACE_BOUND" originx="-139.37007874016" originy="433.07086614173" endx="-139.37007874016" endy="-137.79527559055" width="3.9370078740157" />
    <line layer="TOP_SILKSCREEN" originx="-99.999999999999" originy="-98.425196850392" endx="1041.7322834646" endy="-98.425196850392" width="7.8740157480314" />
    <line layer="TOP_SILKSCREEN" originx="1041.7322834646" originy="-98.425196850392" endx="1041.7322834646" endy="393.70078740157" width="7.8740157480314" />
    <line layer="TOP_SILKSCREEN" originx="1041.7322834646" originy="393.70078740157" endx="-99.999999999999" endy="393.70078740157" width="7.8740157480314" />
    <line layer="TOP_SILKSCREEN" originx="-99.999999999999" originy="393.70078740157" endx="-99.999999999999" endy="-98.425196850392" width="7.8740157480314" />
    <line layer="TOP_SILKSCREEN" originx="0" originy="-118.11023622047" endx="0" endy="-118.11023622047" width="3.9370078740157" />
    <arc layer="TOP_SILKSCREEN" originx="-3.9370078740157" originy="-116.14173228346" startangle="-90.0" sweepangle="180.0" radius="-1.9685039370079" width="3.9370078740157" />
    <line layer="TOP_SILKSCREEN" originx="0" originy="-114.17322834646" endx="0" endy="-114.17322834646" width="3.9370078740157" />
    <arc layer="TOP_SILKSCREEN" originx="-3.9370078740157" originy="-116.14173228346" startangle="90.0" sweepangle="180.0" radius="-1.9685039370079" width="3.9370078740157" />
  </footprint>
  <symbol name="41.52.9.005.0010" originx="0" originy="0">
    <line originx="200" originy="100" endx="1100" endy="100" width="0" />
    <line originx="1100" originy="-400" endx="1100" endy="100" width="0" />
    <line originx="1100" originy="-400" endx="200" endy="-400" width="0" />
    <line originx="200" originy="100" endx="200" endy="-400" width="0" />
    <sympin number="11" originx="200" originy="-200" rotation="180" length="100" width="7.8740157480315" flipped="False">
      <text name="pinname" originx="230" originy="-200" style="Default" rotation="0" justify="left" flipped="False" hidden="False" data="COM_1" />
      <text name="pindes" originx="140" originy="-180" style="Default" rotation="0" justify="lowerright" flipped="False" hidden="False" data="11" />
    </sympin>
    <sympin number="12" originx="200" originy="-100" rotation="180" length="100" width="7.8740157480315" flipped="False">
      <text name="pinname" originx="230" originy="-100" style="Default" rotation="0" justify="left" flipped="False" hidden="False" data="NC_1" />
      <text name="pindes" originx="140" originy="-80" style="Default" rotation="0" justify="lowerright" flipped="False" hidden="False" data="12" />
    </sympin>
    <sympin number="14" originx="200" originy="-300" rotation="180" length="100" width="7.8740157480315" flipped="False">
      <text name="pinname" originx="230" originy="-300" style="Default" rotation="0" justify="left" flipped="False" hidden="False" data="NO_1" />
      <text name="pindes" originx="140" originy="-280" style="Default" rotation="0" justify="lowerright" flipped="False" hidden="False" data="14" />
    </sympin>
    <sympin number="21" originx="1100" originy="-200" rotation="0" length="100" width="7.8740157480315" flipped="False">
      <text name="pinname" originx="1070" originy="-200" style="Default" rotation="0" justify="right" flipped="False" hidden="False" data="COM_2" />
      <text name="pindes" originx="1160" originy="-180" style="Default" rotation="0" justify="lowerleft" flipped="False" hidden="False" data="21" />
    </sympin>
    <sympin number="22" originx="1100" originy="-100" rotation="0" length="100" width="7.8740157480315" flipped="False">
      <text name="pinname" originx="1070" originy="-100" style="Default" rotation="0" justify="right" flipped="False" hidden="False" data="NC_2" />
      <text name="pindes" originx="1160" originy="-80" style="Default" rotation="0" justify="lowerleft" flipped="False" hidden="False" data="22" />
    </sympin>
    <sympin number="24" originx="1100" originy="-300" rotation="0" length="100" width="7.8740157480315" flipped="False">
      <text name="pinname" originx="1070" originy="-300" style="Default" rotation="0" justify="right" flipped="False" hidden="False" data="NO_2" />
      <text name="pindes" originx="1160" originy="-280" style="Default" rotation="0" justify="lowerleft" flipped="False" hidden="False" data="24" />
    </sympin>
    <sympin number="7" originx="200" originy="0" rotation="180" length="100" width="7.8740157480315" flipped="False">
      <text name="pinname" originx="230" originy="0" style="Default" rotation="0" justify="left" flipped="False" hidden="False" data="COIL_1" />
      <text name="pindes" originx="140" originy="20" style="Default" rotation="0" justify="lowerright" flipped="False" hidden="False" data="A1" />
    </sympin>
    <sympin number="8" originx="1100" originy="0" rotation="0" length="100" width="7.8740157480315" flipped="False">
      <text name="pinname" originx="1070" originy="0" style="Default" rotation="0" justify="right" flipped="False" hidden="False" data="COIL_2" />
      <text name="pindes" originx="1160" originy="20" style="Default" rotation="0" justify="lowerleft" flipped="False" hidden="False" data="A2" />
    </sympin>
  </symbol>
  <component name="41.52.9.005.0010" designatorprefix="K" height="618.11023622046" footprint="415290050010">
    <comppin designator="11" sympin="11" pinswap="0" gateswap="0" gate="1" group="1" side="" type="Any" name="COM_1" />
    <comppin designator="12" sympin="12" pinswap="0" gateswap="0" gate="1" group="1" side="" type="Any" name="NC_1" />
    <comppin designator="14" sympin="14" pinswap="0" gateswap="0" gate="1" group="1" side="" type="Any" name="NO_1" />
    <comppin designator="21" sympin="21" pinswap="0" gateswap="0" gate="1" group="1" side="" type="Any" name="COM_2" />
    <comppin designator="22" sympin="22" pinswap="0" gateswap="0" gate="1" group="1" side="" type="Any" name="NC_2" />
    <comppin designator="24" sympin="24" pinswap="0" gateswap="0" gate="1" group="1" side="" type="Any" name="NO_2" />
    <comppin designator="A1" sympin="7" pinswap="0" gateswap="0" gate="1" group="1" side="" type="Any" name="COIL_1" />
    <comppin designator="A2" sympin="8" pinswap="0" gateswap="0" gate="1" group="1" side="" type="Any" name="COIL_2" />
    <attached_symbol gate="1" name="41.52.9.005.0010" />
    <pinmap designator="11" footprintpin="1" />
    <pinmap designator="12" footprintpin="2" />
    <pinmap designator="14" footprintpin="3" />
    <pinmap designator="21" footprintpin="4" />
    <pinmap designator="22" footprintpin="5" />
    <pinmap designator="24" footprintpin="6" />
    <pinmap designator="A1" footprintpin="7" />
    <pinmap designator="A2" footprintpin="8" />
    <text name="Datasheet" originx="0" originy="0" style="Default" rotation="0" justify="" flipped="False" hidden="True" data="https://cdn.findernet.com/app/uploads/2020/09/13142529/S41EN.pdf" />
    <text name="Description" originx="0" originy="0" style="Default" rotation="0" justify="" flipped="False" hidden="True" data="Relay: electromagnetic; DPDT; Ucoil: 5VDC; 8A/250VAC; 8A/30VDC; 15A" />
    <text name="TME Electronic Components Part Number" originx="0" originy="0" style="Default" rotation="0" justify="" flipped="False" hidden="True" data="" />
    <text name="TME Electronic Components Price/Stock" originx="0" originy="0" style="Default" rotation="0" justify="" flipped="False" hidden="True" data="" />
    <text name="Manufacturer_Name" originx="0" originy="0" style="Default" rotation="0" justify="" flipped="False" hidden="True" data="FINDER" />
    <text name="Manufacturer_Part_Number" originx="1150" originy="200" style="Default" rotation="0" justify="left" flipped="False" hidden="False" data="41.52.9.005.0010" />
  </component>
</quadcept_library>
